uf,cidade,loja,bairro
SC,Balneário Camboriú,23,Centro
SC,Blumenau,4,Bairro Garcia
SC,Blumenau,17,Shopping Park Europeu
SC,Brusque,7,Centro
SC,Cocal do Sul,6,Centro
SC,Criciúma,2,Centro
SC,Criciúma,10,Centro / Terminal Central
SC,Florianópolis,12,Costeira do Pirajubaé
SC,Florianópolis,19,Monte Verde
SC,Florianópolis,22,Morro das Pedras
SC,Itajaí,18,São João
SC,Itajaí,24,Fazenda
SC,Joinville,9,Aventureiro
SC,Lages,5,Coral
SC,Navegantes,21,Centro
SC,Nova Veneza,14,Centro
SC,São José,11,Praia Comprida
SC,São José,16,Bela Vista
SC,São José,20,Continente Shopping